{"products":[{"id":"0.27116382118280713","qty":2},{"id":"0.6178021536602232","qty":3}],"totalQuantity":0,"totalPrice":68.97}